Designator,Mid X,Mid Y,Layer,Rotation
R19,170.0000mm,-112.0000mm,Top,0
U1,155.0000mm,-130.0000mm,Top,0
R14,180.6400mm,-158.5000mm,Top,90
C1,161.5000mm,-122.5000mm,Top,0
R20,170.0000mm,-115.0000mm,Top,0
R2,142.5400mm,-158.5000mm,Top,90
R11,170.4800mm,-158.5000mm,Top,90
R18,144.0000mm,-126.0000mm,Top,0
R21,159.0000mm,-174.8000mm,Top,0
R6,155.2400mm,-158.5000mm,Top,90
C2,161.5000mm,-125.0000mm,Top,0
R1,140.0000mm,-158.5000mm,Top,90
RS1,142.0000mm,-180.5000mm,Top,0
R9,165.4000mm,-158.5000mm,Top,90
R17,144.0000mm,-122.0000mm,Top,0
U2,150.0000mm,-180.5000mm,Top,180
R15,183.1800mm,-158.5000mm,Top,90
R10,167.9400mm,-158.5000mm,Top,90
R12,173.0200mm,-158.5000mm,Top,90
C3,151.0000mm,-176.5000mm,Top,90
R16,185.7200mm,-158.5000mm,Top,90
D1,169.5000mm,-180.5000mm,Top,180
R3,145.0800mm,-158.5000mm,Top,90
R7,157.7800mm,-158.5000mm,Top,90
R25,166.0000mm,-180.5000mm,Top,0
R13,178.1000mm,-158.5000mm,Top,90
R5,152.7000mm,-158.5000mm,Top,90
R4,147.6200mm,-158.5000mm,Top,90
R22,159.0000mm,-172.3000mm,Top,0
R8,160.3200mm,-158.5000mm,Top,90
